-- Add structured tender/bid person role tables and sample data to the audit DB.
-- This script is idempotent for the current demo data set.

BEGIN;

ALTER TABLE enterprise DROP COLUMN IF EXISTS legal_person_name;

ALTER TABLE project ADD COLUMN IF NOT EXISTS tender_org_id text;

CREATE TABLE IF NOT EXISTS project_person_role (
  id integer GENERATED BY DEFAULT AS IDENTITY PRIMARY KEY,
  project_id text NOT NULL,
  person_id text NOT NULL,
  enterprise_id text,
  side text NOT NULL,
  role_type text NOT NULL,
  start_date date,
  end_date date,
  status text,
  remark text
);

CREATE TABLE IF NOT EXISTS bid_person_role (
  id integer GENERATED BY DEFAULT AS IDENTITY PRIMARY KEY,
  bid_id text NOT NULL,
  project_id text,
  enterprise_id text,
  person_id text NOT NULL,
  role_type text NOT NULL,
  start_date date,
  end_date date,
  status text,
  remark text
);

CREATE UNIQUE INDEX IF NOT EXISTS ux_project_person_role_fact
  ON project_person_role (project_id, person_id, enterprise_id, role_type);

CREATE UNIQUE INDEX IF NOT EXISTS ux_bid_person_role_fact
  ON bid_person_role (bid_id, person_id, role_type);

INSERT INTO enterprise (
  enterprise_id,
  enterprise_name,
  industry,
  registered_address,
  status,
  business_scope
) VALUES
  ('TO001', '审计局', '政府采购', NULL, '存续', '审计监督与采购管理'),
  ('TO002', '广新控股集团', '招标采购', NULL, '存续', '集团采购与招标管理'),
  ('TO003', '南山区政务服务数据管理局', '政府采购', NULL, '存续', '政务数据项目采购管理'),
  ('TO004', '龙岗区公共资源交易中心', '公共资源交易', NULL, '存续', '公共资源交易与招标管理')
ON CONFLICT (enterprise_id) DO UPDATE SET
  enterprise_name = EXCLUDED.enterprise_name,
  industry = EXCLUDED.industry,
  status = EXCLUDED.status,
  business_scope = EXCLUDED.business_scope;

UPDATE project
SET tender_org_id = CASE tender_org
  WHEN '审计局' THEN 'TO001'
  WHEN '广新控股集团' THEN 'TO002'
  WHEN '南山区政务服务数据管理局' THEN 'TO003'
  WHEN '龙岗区公共资源交易中心' THEN 'TO004'
  ELSE tender_org_id
END
WHERE tender_org IN (
  '审计局',
  '广新控股集团',
  '南山区政务服务数据管理局',
  '龙岗区公共资源交易中心'
);

INSERT INTO person (person_id, name, address, is_expert, phone) VALUES
  ('P201', '刘审计', NULL, 0, NULL),
  ('P202', '陈广新', NULL, 0, NULL),
  ('P203', '林政务', NULL, 0, NULL),
  ('P204', '郑交易', NULL, 0, NULL)
ON CONFLICT (person_id) DO NOTHING;

INSERT INTO person_enterprise_position (
  id,
  person_id,
  enterprise_id,
  position,
  start_date,
  end_date,
  status,
  remark
) VALUES
  (201, 'P201', 'TO001', '招标经办人', '2025-01-01', NULL, 1, '招标侧角色样例'),
  (202, 'P202', 'TO002', '采购负责人', '2025-01-01', NULL, 1, '招标侧角色样例'),
  (203, 'P203', 'TO003', '采购经办人', '2025-01-01', NULL, 1, '招标侧角色样例'),
  (204, 'P204', 'TO004', '交易经办人', '2025-01-01', NULL, 1, '招标侧角色样例'),
  (205, 'P004', 'TO002', '招标经办人', '2025-01-01', NULL, 1, '风险链路样例：投标侧人员配偶的招标侧任职')
ON CONFLICT (id) DO UPDATE SET
  person_id = EXCLUDED.person_id,
  enterprise_id = EXCLUDED.enterprise_id,
  position = EXCLUDED.position,
  start_date = EXCLUDED.start_date,
  end_date = EXCLUDED.end_date,
  status = EXCLUDED.status,
  remark = EXCLUDED.remark;

INSERT INTO person_relation (id, person_id_1, person_id_2, relation_type) VALUES
  (201, 'P107', 'P002', '同事')
ON CONFLICT (id) DO UPDATE SET
  person_id_1 = EXCLUDED.person_id_1,
  person_id_2 = EXCLUDED.person_id_2,
  relation_type = EXCLUDED.relation_type;

INSERT INTO project_person_role (
  project_id,
  person_id,
  enterprise_id,
  side,
  role_type,
  start_date,
  end_date,
  status,
  remark
) VALUES
  ('PJT004', 'P201', 'TO001', 'TENDERER', 'TENDER_CONTACT', '2025-01-01', NULL, 'active', '审计局项目招标经办人'),
  ('PJT101', 'P202', 'TO002', 'TENDERER', 'PROCUREMENT_HANDLER', '2025-01-01', NULL, 'active', '广新控股集团采购负责人'),
  ('PJT101', 'P004', 'TO002', 'TENDERER', 'TENDER_CONTACT', '2025-01-01', NULL, 'active', '风险链路样例：P004 是招标侧经办人'),
  ('PJT102', 'P203', 'TO003', 'TENDERER', 'PROCUREMENT_HANDLER', '2025-01-01', NULL, 'active', '南山区政务服务数据管理局采购经办人'),
  ('PJT103', 'P204', 'TO004', 'TENDERER', 'TENDER_CONTACT', '2025-01-01', NULL, 'active', '龙岗区公共资源交易中心经办人')
ON CONFLICT (project_id, person_id, enterprise_id, role_type) DO UPDATE SET
  side = EXCLUDED.side,
  start_date = EXCLUDED.start_date,
  end_date = EXCLUDED.end_date,
  status = EXCLUDED.status,
  remark = EXCLUDED.remark;

INSERT INTO bid_person_role (
  bid_id,
  project_id,
  enterprise_id,
  person_id,
  role_type,
  start_date,
  end_date,
  status,
  remark
) VALUES
  ('B10', 'PJT004', 'E001', 'P107', 'BID_CONTACT', '2025-01-01', NULL, 'active', '深圳华信科技有限公司投标联系人'),
  ('B11', 'PJT004', 'E002', 'P108', 'BID_CONTACT', '2025-01-01', NULL, 'active', '深圳智达信息有限公司投标联系人'),
  ('B12', 'PJT004', 'E003', 'P109', 'PROJECT_MANAGER', '2025-01-01', NULL, 'active', '深圳云创数据有限公司项目负责人'),
  ('B101', 'PJT101', 'E001', 'P107', 'BID_CONTACT', '2025-01-01', NULL, 'active', '风险链路样例：P107 是投标侧联系人'),
  ('B102', 'PJT101', 'E002', 'P108', 'BID_CONTACT', '2025-01-01', NULL, 'active', '深圳智达信息有限公司投标联系人'),
  ('B103', 'PJT101', 'E003', 'P109', 'PROJECT_MANAGER', '2025-01-01', NULL, 'active', '深圳云创数据有限公司项目负责人'),
  ('B104', 'PJT101', 'E101', 'P102', 'BID_CONTACT', '2025-01-01', NULL, 'active', '广东安科信息技术有限公司投标负责人'),
  ('B105', 'PJT101', 'E102', 'P105', 'PROJECT_MANAGER', '2025-01-01', NULL, 'active', '广州启明数字工程有限公司项目经理'),
  ('B106', 'PJT102', 'E001', 'P107', 'BID_CONTACT', '2025-01-01', NULL, 'active', '深圳华信科技有限公司投标联系人'),
  ('B107', 'PJT102', 'E002', 'P108', 'BID_CONTACT', '2025-01-01', NULL, 'active', '深圳智达信息有限公司投标联系人'),
  ('B108', 'PJT102', 'E003', 'P109', 'PROJECT_MANAGER', '2025-01-01', NULL, 'active', '深圳云创数据有限公司项目负责人'),
  ('B109', 'PJT102', 'E101', 'P102', 'BID_CONTACT', '2025-01-01', NULL, 'active', '广东安科信息技术有限公司投标负责人'),
  ('B110', 'PJT103', 'E001', 'P107', 'BID_CONTACT', '2025-01-01', NULL, 'active', '深圳华信科技有限公司投标联系人'),
  ('B111', 'PJT103', 'E002', 'P108', 'BID_CONTACT', '2025-01-01', NULL, 'active', '深圳智达信息有限公司投标联系人'),
  ('B112', 'PJT103', 'E003', 'P109', 'PROJECT_MANAGER', '2025-01-01', NULL, 'active', '深圳云创数据有限公司项目负责人'),
  ('B113', 'PJT103', 'E102', 'P105', 'PROJECT_MANAGER', '2025-01-01', NULL, 'active', '广州启明数字工程有限公司项目经理')
ON CONFLICT (bid_id, person_id, role_type) DO UPDATE SET
  project_id = EXCLUDED.project_id,
  enterprise_id = EXCLUDED.enterprise_id,
  start_date = EXCLUDED.start_date,
  end_date = EXCLUDED.end_date,
  status = EXCLUDED.status,
  remark = EXCLUDED.remark;

DO $$
BEGIN
  IF NOT EXISTS (SELECT 1 FROM pg_constraint WHERE conname = 'fk_project_tender_org') THEN
    ALTER TABLE project
      ADD CONSTRAINT fk_project_tender_org
      FOREIGN KEY (tender_org_id) REFERENCES enterprise(enterprise_id);
  END IF;

  IF NOT EXISTS (SELECT 1 FROM pg_constraint WHERE conname = 'fk_project_person_role_project') THEN
    ALTER TABLE project_person_role
      ADD CONSTRAINT fk_project_person_role_project
      FOREIGN KEY (project_id) REFERENCES project(project_id);
  END IF;

  IF NOT EXISTS (SELECT 1 FROM pg_constraint WHERE conname = 'fk_project_person_role_person') THEN
    ALTER TABLE project_person_role
      ADD CONSTRAINT fk_project_person_role_person
      FOREIGN KEY (person_id) REFERENCES person(person_id);
  END IF;

  IF NOT EXISTS (SELECT 1 FROM pg_constraint WHERE conname = 'fk_project_person_role_enterprise') THEN
    ALTER TABLE project_person_role
      ADD CONSTRAINT fk_project_person_role_enterprise
      FOREIGN KEY (enterprise_id) REFERENCES enterprise(enterprise_id);
  END IF;

  IF NOT EXISTS (SELECT 1 FROM pg_constraint WHERE conname = 'fk_bid_person_role_bid') THEN
    ALTER TABLE bid_person_role
      ADD CONSTRAINT fk_bid_person_role_bid
      FOREIGN KEY (bid_id) REFERENCES bid_record(bid_id);
  END IF;

  IF NOT EXISTS (SELECT 1 FROM pg_constraint WHERE conname = 'fk_bid_person_role_project') THEN
    ALTER TABLE bid_person_role
      ADD CONSTRAINT fk_bid_person_role_project
      FOREIGN KEY (project_id) REFERENCES project(project_id);
  END IF;

  IF NOT EXISTS (SELECT 1 FROM pg_constraint WHERE conname = 'fk_bid_person_role_enterprise') THEN
    ALTER TABLE bid_person_role
      ADD CONSTRAINT fk_bid_person_role_enterprise
      FOREIGN KEY (enterprise_id) REFERENCES enterprise(enterprise_id);
  END IF;

  IF NOT EXISTS (SELECT 1 FROM pg_constraint WHERE conname = 'fk_bid_person_role_person') THEN
    ALTER TABLE bid_person_role
      ADD CONSTRAINT fk_bid_person_role_person
      FOREIGN KEY (person_id) REFERENCES person(person_id);
  END IF;
END $$;

COMMIT;
